Name,Age,Username
Fe,66,Fe_66
Sana,84,Sana_84
Melinda,45,Melinda_45
Nerissa,97,Nerissa_97
Madelene,12,Madelene_12
Delois,56,Delois_56
Jarred,24,Jarred_24
Kyong,47,Kyong_47
Archie,61,Archie_61
Inell,68,Inell_68
Alva,17,Alva_17
Kent,24,Kent_24
Lanita,50,Lanita_50
Darren,67,Darren_67
Ezra,56,Ezra_56
Inocencia,74,Inocencia_74
Christina,95,Christina_95
Bari,12,Bari_12
Antione,61,Antione_61
Owen,24,Owen_24
Geri,46,Geri_46
Hosea,12,Hosea_12
Nguyet,34,Nguyet_34
Mavis,30,Mavis_30
Meredith,46,Meredith_46
Kathline,94,Kathline_94
Arielle,34,Arielle_34
Colin,26,Colin_26
Sadie,42,Sadie_42
Tuan,12,Tuan_12
